state\AA	A	C	D	E	F	G	H	I	K	L	M	N	P	Q	R	S	T	V	W	Y
begin	0.05	0.05	0.05	0.05	0.05	0.05	0.05	0.05	0.05	0.05	0.05	0.05	0.05	0.05	0.05	0.05	0.05	0.05	0.05	0.05
in10	0.0713632	0.0188491	0.043014	0.0471663	0.0298789	0.0564853	0.0233906	0.038904	0.0894525	0.0551519	0.0427067	0.0544149	0.0370019	0.0524006	0.114758	0.0661936	0.0689907	0.0416332	0.0146085	0.0336358
in11	0.0713632	0.0188491	0.043014	0.0471663	0.0298789	0.0564853	0.0233906	0.038904	0.0894525	0.0551519	0.0427067	0.0544149	0.0370019	0.0524006	0.114758	0.0661936	0.0689907	0.0416332	0.0146085	0.0336358
in12	0.0713632	0.0188491	0.043014	0.0471663	0.0298789	0.0564853	0.0233906	0.038904	0.0894525	0.0551519	0.0427067	0.0544149	0.0370019	0.0524006	0.114758	0.0661936	0.0689907	0.0416332	0.0146085	0.0336358
in13	0.0713632	0.0188491	0.043014	0.0471663	0.0298789	0.0564853	0.0233906	0.038904	0.0894525	0.0551519	0.0427067	0.0544149	0.0370019	0.0524006	0.114758	0.0661936	0.0689907	0.0416332	0.0146085	0.0336358
in14	0.0713632	0.0188491	0.043014	0.0471663	0.0298789	0.0564853	0.0233906	0.038904	0.0894525	0.0551519	0.0427067	0.0544149	0.0370019	0.0524006	0.114758	0.0661936	0.0689907	0.0416332	0.0146085	0.0336358
in15	0.0713632	0.0188491	0.043014	0.0471663	0.0298789	0.0564853	0.0233906	0.038904	0.0894525	0.0551519	0.0427067	0.0544149	0.0370019	0.0524006	0.114758	0.0661936	0.0689907	0.0416332	0.0146085	0.0336358
in16	0.0713632	0.0188491	0.043014	0.0471663	0.0298789	0.0564853	0.0233906	0.038904	0.0894525	0.0551519	0.0427067	0.0544149	0.0370019	0.0524006	0.114758	0.0661936	0.0689907	0.0416332	0.0146085	0.0336358
in17	0.0713632	0.0188491	0.043014	0.0471663	0.0298789	0.0564853	0.0233906	0.038904	0.0894525	0.0551519	0.0427067	0.0544149	0.0370019	0.0524006	0.114758	0.0661936	0.0689907	0.0416332	0.0146085	0.0336358
in18	0.0713632	0.0188491	0.043014	0.0471663	0.0298789	0.0564853	0.0233906	0.038904	0.0894525	0.0551519	0.0427067	0.0544149	0.0370019	0.0524006	0.114758	0.0661936	0.0689907	0.0416332	0.0146085	0.0336358
in19	0.0713632	0.0188491	0.043014	0.0471663	0.0298789	0.0564853	0.0233906	0.038904	0.0894525	0.0551519	0.0427067	0.0544149	0.0370019	0.0524006	0.114758	0.0661936	0.0689907	0.0416332	0.0146085	0.0336358
in20	0.0713632	0.0188491	0.043014	0.0471663	0.0298789	0.0564853	0.0233906	0.038904	0.0894525	0.0551519	0.0427067	0.0544149	0.0370019	0.0524006	0.114758	0.0661936	0.0689907	0.0416332	0.0146085	0.0336358
in21	0.0713632	0.0188491	0.043014	0.0471663	0.0298789	0.0564853	0.0233906	0.038904	0.0894525	0.0551519	0.0427067	0.0544149	0.0370019	0.0524006	0.114758	0.0661936	0.0689907	0.0416332	0.0146085	0.0336358
in22	0.0713632	0.0188491	0.043014	0.0471663	0.0298789	0.0564853	0.0233906	0.038904	0.0894525	0.0551519	0.0427067	0.0544149	0.0370019	0.0524006	0.114758	0.0661936	0.0689907	0.0416332	0.0146085	0.0336358
in23	0.0713632	0.0188491	0.043014	0.0471663	0.0298789	0.0564853	0.0233906	0.038904	0.0894525	0.0551519	0.0427067	0.0544149	0.0370019	0.0524006	0.114758	0.0661936	0.0689907	0.0416332	0.0146085	0.0336358
in24	0.0713632	0.0188491	0.043014	0.0471663	0.0298789	0.0564853	0.0233906	0.038904	0.0894525	0.0551519	0.0427067	0.0544149	0.0370019	0.0524006	0.114758	0.0661936	0.0689907	0.0416332	0.0146085	0.0336358
in25	0.0713632	0.0188491	0.043014	0.0471663	0.0298789	0.0564853	0.0233906	0.038904	0.0894525	0.0551519	0.0427067	0.0544149	0.0370019	0.0524006	0.114758	0.0661936	0.0689907	0.0416332	0.0146085	0.0336358
in26	0.0713632	0.0188491	0.043014	0.0471663	0.0298789	0.0564853	0.0233906	0.038904	0.0894525	0.0551519	0.0427067	0.0544149	0.0370019	0.0524006	0.114758	0.0661936	0.0689907	0.0416332	0.0146085	0.0336358
in27	0.0713632	0.0188491	0.043014	0.0471663	0.0298789	0.0564853	0.0233906	0.038904	0.0894525	0.0551519	0.0427067	0.0544149	0.0370019	0.0524006	0.114758	0.0661936	0.0689907	0.0416332	0.0146085	0.0336358
in28	0.0713632	0.0188491	0.043014	0.0471663	0.0298789	0.0564853	0.0233906	0.038904	0.0894525	0.0551519	0.0427067	0.0544149	0.0370019	0.0524006	0.114758	0.0661936	0.0689907	0.0416332	0.0146085	0.0336358
in29	0.0713632	0.0188491	0.043014	0.0471663	0.0298789	0.0564853	0.0233906	0.038904	0.0894525	0.0551519	0.0427067	0.0544149	0.0370019	0.0524006	0.114758	0.0661936	0.0689907	0.0416332	0.0146085	0.0336358
inglob1	0.0773341	0.0212026	0.0556231	0.0789783	0.0291466	0.0821038	0.02529	0.0392883	0.0466567	0.0718204	0.0191835	0.0490524	0.0671432	0.0472671	0.0492684	0.0852997	0.0610192	0.0528717	0.0166592	0.0247916
outglob10	0.0693743	0.0149605	0.0406956	0.0538397	0.0531778	0.0792746	0.0221055	0.0440866	0.0565779	0.0988165	0.0432829	0.0414346	0.0615562	0.0412212	0.0677628	0.0732544	0.0524824	0.0445653	0.0140309	0.0275
outglob11	0.0693743	0.0149605	0.0406956	0.0538397	0.0531778	0.0792746	0.0221055	0.0440866	0.0565779	0.0988165	0.0432829	0.0414346	0.0615562	0.0412212	0.0677628	0.0732544	0.0524824	0.0445653	0.0140309	0.0275
outglob12	0.0693743	0.0149605	0.0406956	0.0538397	0.0531778	0.0792746	0.0221055	0.0440866	0.0565779	0.0988165	0.0432829	0.0414346	0.0615562	0.0412212	0.0677628	0.0732544	0.0524824	0.0445653	0.0140309	0.0275
outglob13	0.0693743	0.0149605	0.0406956	0.0538397	0.0531778	0.0792746	0.0221055	0.0440866	0.0565779	0.0988165	0.0432829	0.0414346	0.0615562	0.0412212	0.0677628	0.0732544	0.0524824	0.0445653	0.0140309	0.0275
outglob14	0.0693743	0.0149605	0.0406956	0.0538397	0.0531778	0.0792746	0.0221055	0.0440866	0.0565779	0.0988165	0.0432829	0.0414346	0.0615562	0.0412212	0.0677628	0.0732544	0.0524824	0.0445653	0.0140309	0.0275
outglob15	0.0693743	0.0149605	0.0406956	0.0538397	0.0531778	0.0792746	0.0221055	0.0440866	0.0565779	0.0988165	0.0432829	0.0414346	0.0615562	0.0412212	0.0677628	0.0732544	0.0524824	0.0445653	0.0140309	0.0275
outglob16	0.0693743	0.0149605	0.0406956	0.0538397	0.0531778	0.0792746	0.0221055	0.0440866	0.0565779	0.0988165	0.0432829	0.0414346	0.0615562	0.0412212	0.0677628	0.0732544	0.0524824	0.0445653	0.0140309	0.0275
outglob17	0.0693743	0.0149605	0.0406956	0.0538397	0.0531778	0.0792746	0.0221055	0.0440866	0.0565779	0.0988165	0.0432829	0.0414346	0.0615562	0.0412212	0.0677628	0.0732544	0.0524824	0.0445653	0.0140309	0.0275
outglob18	0.0693743	0.0149605	0.0406956	0.0538397	0.0531778	0.0792746	0.0221055	0.0440866	0.0565779	0.0988165	0.0432829	0.0414346	0.0615562	0.0412212	0.0677628	0.0732544	0.0524824	0.0445653	0.0140309	0.0275
outglob19	0.0693743	0.0149605	0.0406956	0.0538397	0.0531778	0.0792746	0.0221055	0.0440866	0.0565779	0.0988165	0.0432829	0.0414346	0.0615562	0.0412212	0.0677628	0.0732544	0.0524824	0.0445653	0.0140309	0.0275
outglobLong	0.0773341	0.0212026	0.0556231	0.0789783	0.0291466	0.0821038	0.02529	0.0392883	0.0466567	0.0718204	0.0191835	0.0490524	0.0671432	0.0472671	0.0492684	0.0852997	0.0610192	0.0528717	0.0166592	0.0247916
outglob20	0.0693743	0.0149605	0.0406956	0.0538397	0.0531778	0.0792746	0.0221055	0.0440866	0.0565779	0.0988165	0.0432829	0.0414346	0.0615562	0.0412212	0.0677628	0.0732544	0.0524824	0.0445653	0.0140309	0.0275
outglob21	0.0693743	0.0149605	0.0406956	0.0538397	0.0531778	0.0792746	0.0221055	0.0440866	0.0565779	0.0988165	0.0432829	0.0414346	0.0615562	0.0412212	0.0677628	0.0732544	0.0524824	0.0445653	0.0140309	0.0275
outglob22	0.0693743	0.0149605	0.0406956	0.0538397	0.0531778	0.0792746	0.0221055	0.0440866	0.0565779	0.0988165	0.0432829	0.0414346	0.0615562	0.0412212	0.0677628	0.0732544	0.0524824	0.0445653	0.0140309	0.0275
outglob23	0.0693743	0.0149605	0.0406956	0.0538397	0.0531778	0.0792746	0.0221055	0.0440866	0.0565779	0.0988165	0.0432829	0.0414346	0.0615562	0.0412212	0.0677628	0.0732544	0.0524824	0.0445653	0.0140309	0.0275
outglob24	0.0693743	0.0149605	0.0406956	0.0538397	0.0531778	0.0792746	0.0221055	0.0440866	0.0565779	0.0988165	0.0432829	0.0414346	0.0615562	0.0412212	0.0677628	0.0732544	0.0524824	0.0445653	0.0140309	0.0275
outglob25	0.0693743	0.0149605	0.0406956	0.0538397	0.0531778	0.0792746	0.0221055	0.0440866	0.0565779	0.0988165	0.0432829	0.0414346	0.0615562	0.0412212	0.0677628	0.0732544	0.0524824	0.0445653	0.0140309	0.0275
outglob26	0.0693743	0.0149605	0.0406956	0.0538397	0.0531778	0.0792746	0.0221055	0.0440866	0.0565779	0.0988165	0.0432829	0.0414346	0.0615562	0.0412212	0.0677628	0.0732544	0.0524824	0.0445653	0.0140309	0.0275
outglob27	0.0693743	0.0149605	0.0406956	0.0538397	0.0531778	0.0792746	0.0221055	0.0440866	0.0565779	0.0988165	0.0432829	0.0414346	0.0615562	0.0412212	0.0677628	0.0732544	0.0524824	0.0445653	0.0140309	0.0275
outglob28	0.0693743	0.0149605	0.0406956	0.0538397	0.0531778	0.0792746	0.0221055	0.0440866	0.0565779	0.0988165	0.0432829	0.0414346	0.0615562	0.0412212	0.0677628	0.0732544	0.0524824	0.0445653	0.0140309	0.0275
outglob29	0.0693743	0.0149605	0.0406956	0.0538397	0.0531778	0.0792746	0.0221055	0.0440866	0.0565779	0.0988165	0.0432829	0.0414346	0.0615562	0.0412212	0.0677628	0.0732544	0.0524824	0.0445653	0.0140309	0.0275
out10	0.0690346	0.0129673	0.0627756	0.0541851	0.0425402	0.0835626	0.0271581	0.0292546	0.0530401	0.0822093	0.0334625	0.0506017	0.0693889	0.0389539	0.0432109	0.0863749	0.0587278	0.0480586	0.0198473	0.0346461
out11	0.0690346	0.0129673	0.0627756	0.0541851	0.0425402	0.0835626	0.0271581	0.0292546	0.0530401	0.0822093	0.0334625	0.0506017	0.0693889	0.0389539	0.0432109	0.0863749	0.0587278	0.0480586	0.0198473	0.0346461
out12	0.0690346	0.0129673	0.0627756	0.0541851	0.0425402	0.0835626	0.0271581	0.0292546	0.0530401	0.0822093	0.0334625	0.0506017	0.0693889	0.0389539	0.0432109	0.0863749	0.0587278	0.0480586	0.0198473	0.0346461
out13	0.0690346	0.0129673	0.0627756	0.0541851	0.0425402	0.0835626	0.0271581	0.0292546	0.0530401	0.0822093	0.0334625	0.0506017	0.0693889	0.0389539	0.0432109	0.0863749	0.0587278	0.0480586	0.0198473	0.0346461
out14	0.0690346	0.0129673	0.0627756	0.0541851	0.0425402	0.0835626	0.0271581	0.0292546	0.0530401	0.0822093	0.0334625	0.0506017	0.0693889	0.0389539	0.0432109	0.0863749	0.0587278	0.0480586	0.0198473	0.0346461
out15	0.0690346	0.0129673	0.0627756	0.0541851	0.0425402	0.0835626	0.0271581	0.0292546	0.0530401	0.0822093	0.0334625	0.0506017	0.0693889	0.0389539	0.0432109	0.0863749	0.0587278	0.0480586	0.0198473	0.0346461
out16	0.0690346	0.0129673	0.0627756	0.0541851	0.0425402	0.0835626	0.0271581	0.0292546	0.0530401	0.0822093	0.0334625	0.0506017	0.0693889	0.0389539	0.0432109	0.0863749	0.0587278	0.0480586	0.0198473	0.0346461
out17	0.0690346	0.0129673	0.0627756	0.0541851	0.0425402	0.0835626	0.0271581	0.0292546	0.0530401	0.0822093	0.0334625	0.0506017	0.0693889	0.0389539	0.0432109	0.0863749	0.0587278	0.0480586	0.0198473	0.0346461
out18	0.0690346	0.0129673	0.0627756	0.0541851	0.0425402	0.0835626	0.0271581	0.0292546	0.0530401	0.0822093	0.0334625	0.0506017	0.0693889	0.0389539	0.0432109	0.0863749	0.0587278	0.0480586	0.0198473	0.0346461
out19	0.0690346	0.0129673	0.0627756	0.0541851	0.0425402	0.0835626	0.0271581	0.0292546	0.0530401	0.0822093	0.0334625	0.0506017	0.0693889	0.0389539	0.0432109	0.0863749	0.0587278	0.0480586	0.0198473	0.0346461
outglobShort	0.0773341	0.0212026	0.0556231	0.0789783	0.0291466	0.0821038	0.02529	0.0392883	0.0466567	0.0718204	0.0191835	0.0490524	0.0671432	0.0472671	0.0492684	0.0852997	0.0610192	0.0528717	0.0166592	0.0247916
out20	0.0690346	0.0129673	0.0627756	0.0541851	0.0425402	0.0835626	0.0271581	0.0292546	0.0530401	0.0822093	0.0334625	0.0506017	0.0693889	0.0389539	0.0432109	0.0863749	0.0587278	0.0480586	0.0198473	0.0346461
out21	0.0690346	0.0129673	0.0627756	0.0541851	0.0425402	0.0835626	0.0271581	0.0292546	0.0530401	0.0822093	0.0334625	0.0506017	0.0693889	0.0389539	0.0432109	0.0863749	0.0587278	0.0480586	0.0198473	0.0346461
out22	0.0690346	0.0129673	0.0627756	0.0541851	0.0425402	0.0835626	0.0271581	0.0292546	0.0530401	0.0822093	0.0334625	0.0506017	0.0693889	0.0389539	0.0432109	0.0863749	0.0587278	0.0480586	0.0198473	0.0346461
out23	0.0690346	0.0129673	0.0627756	0.0541851	0.0425402	0.0835626	0.0271581	0.0292546	0.0530401	0.0822093	0.0334625	0.0506017	0.0693889	0.0389539	0.0432109	0.0863749	0.0587278	0.0480586	0.0198473	0.0346461
out24	0.0690346	0.0129673	0.0627756	0.0541851	0.0425402	0.0835626	0.0271581	0.0292546	0.0530401	0.0822093	0.0334625	0.0506017	0.0693889	0.0389539	0.0432109	0.0863749	0.0587278	0.0480586	0.0198473	0.0346461
out25	0.0690346	0.0129673	0.0627756	0.0541851	0.0425402	0.0835626	0.0271581	0.0292546	0.0530401	0.0822093	0.0334625	0.0506017	0.0693889	0.0389539	0.0432109	0.0863749	0.0587278	0.0480586	0.0198473	0.0346461
out26	0.0690346	0.0129673	0.0627756	0.0541851	0.0425402	0.0835626	0.0271581	0.0292546	0.0530401	0.0822093	0.0334625	0.0506017	0.0693889	0.0389539	0.0432109	0.0863749	0.0587278	0.0480586	0.0198473	0.0346461
out27	0.0690346	0.0129673	0.0627756	0.0541851	0.0425402	0.0835626	0.0271581	0.0292546	0.0530401	0.0822093	0.0334625	0.0506017	0.0693889	0.0389539	0.0432109	0.0863749	0.0587278	0.0480586	0.0198473	0.0346461
out28	0.0690346	0.0129673	0.0627756	0.0541851	0.0425402	0.0835626	0.0271581	0.0292546	0.0530401	0.0822093	0.0334625	0.0506017	0.0693889	0.0389539	0.0432109	0.0863749	0.0587278	0.0480586	0.0198473	0.0346461
out29	0.0690346	0.0129673	0.0627756	0.0541851	0.0425402	0.0835626	0.0271581	0.0292546	0.0530401	0.0822093	0.0334625	0.0506017	0.0693889	0.0389539	0.0432109	0.0863749	0.0587278	0.0480586	0.0198473	0.0346461
ohelixi1	0.0890049	0.0170933	0.00159548	0.00489647	0.108081	0.0692068	0.00923517	0.113471	0.00466208	0.19417	0.0239901	0.0233656	0.0145168	0.00487025	0.0127643	0.0455139	0.0292949	0.128208	0.0399529	0.0661077
ohelixi2	0.0890049	0.0170933	0.00159548	0.00489647	0.108081	0.0692068	0.00923517	0.113471	0.00466208	0.19417	0.0239901	0.0233656	0.0145168	0.00487025	0.0127643	0.0455139	0.0292949	0.128208	0.0399529	0.0661077
ohelixi3	0.0890049	0.0170933	0.00159548	0.00489647	0.108081	0.0692068	0.00923517	0.113471	0.00466208	0.19417	0.0239901	0.0233656	0.0145168	0.00487025	0.0127643	0.0455139	0.0292949	0.128208	0.0399529	0.0661077
ohelixi4	0.0890049	0.0170933	0.00159548	0.00489647	0.108081	0.0692068	0.00923517	0.113471	0.00466208	0.19417	0.0239901	0.0233656	0.0145168	0.00487025	0.0127643	0.0455139	0.0292949	0.128208	0.0399529	0.0661077
ohelixi5	0.0890049	0.0170933	0.00159548	0.00489647	0.108081	0.0692068	0.00923517	0.113471	0.00466208	0.19417	0.0239901	0.0233656	0.0145168	0.00487025	0.0127643	0.0455139	0.0292949	0.128208	0.0399529	0.0661077
ohelixi6	0.110896	0.0254931	0.00235724	0.00383965	0.0942003	0.0818095	0.00408389	0.144377	0.00236432	0.182902	0.0385107	0.00978815	0.0201094	0.00437833	0.00115335	0.0421756	0.0514071	0.132167	0.0158643	0.0321232
ohelixi7	0.110896	0.0254931	0.00235724	0.00383965	0.0942003	0.0818095	0.00408389	0.144377	0.00236432	0.182902	0.0385107	0.00978815	0.0201094	0.00437833	0.00115335	0.0421756	0.0514071	0.132167	0.0158643	0.0321232
ohelixm	0.110896	0.0254931	0.00235724	0.00383965	0.0942003	0.0818095	0.00408389	0.144377	0.00236432	0.182902	0.0385107	0.00978815	0.0201094	0.00437833	0.00115335	0.0421756	0.0514071	0.132167	0.0158643	0.0321232
ohelix2	0.110896	0.0254931	0.00235724	0.00383965	0.0942003	0.0818095	0.00408389	0.144377	0.00236432	0.182902	0.0385107	0.00978815	0.0201094	0.00437833	0.00115335	0.0421756	0.0514071	0.132167	0.0158643	0.0321232
ohelix3	0.110896	0.0254931	0.00235724	0.00383965	0.0942003	0.0818095	0.00408389	0.144377	0.00236432	0.182902	0.0385107	0.00978815	0.0201094	0.00437833	0.00115335	0.0421756	0.0514071	0.132167	0.0158643	0.0321232
ohelix4	0.110896	0.0254931	0.00235724	0.00383965	0.0942003	0.0818095	0.00408389	0.144377	0.00236432	0.182902	0.0385107	0.00978815	0.0201094	0.00437833	0.00115335	0.0421756	0.0514071	0.132167	0.0158643	0.0321232
ohelix5	0.110896	0.0254931	0.00235724	0.00383965	0.0942003	0.0818095	0.00408389	0.144377	0.00236432	0.182902	0.0385107	0.00978815	0.0201094	0.00437833	0.00115335	0.0421756	0.0514071	0.132167	0.0158643	0.0321232
ohelix6	0.110896	0.0254931	0.00235724	0.00383965	0.0942003	0.0818095	0.00408389	0.144377	0.00236432	0.182902	0.0385107	0.00978815	0.0201094	0.00437833	0.00115335	0.0421756	0.0514071	0.132167	0.0158643	0.0321232
ohelix7	0.110896	0.0254931	0.00235724	0.00383965	0.0942003	0.0818095	0.00408389	0.144377	0.00236432	0.182902	0.0385107	0.00978815	0.0201094	0.00437833	0.00115335	0.0421756	0.0514071	0.132167	0.0158643	0.0321232
ohelix8	0.110896	0.0254931	0.00235724	0.00383965	0.0942003	0.0818095	0.00408389	0.144377	0.00236432	0.182902	0.0385107	0.00978815	0.0201094	0.00437833	0.00115335	0.0421756	0.0514071	0.132167	0.0158643	0.0321232
ohelix9	0.110896	0.0254931	0.00235724	0.00383965	0.0942003	0.0818095	0.00408389	0.144377	0.00236432	0.182902	0.0385107	0.00978815	0.0201094	0.00437833	0.00115335	0.0421756	0.0514071	0.132167	0.0158643	0.0321232
ohelix10	0.110896	0.0254931	0.00235724	0.00383965	0.0942003	0.0818095	0.00408389	0.144377	0.00236432	0.182902	0.0385107	0.00978815	0.0201094	0.00437833	0.00115335	0.0421756	0.0514071	0.132167	0.0158643	0.0321232
ohelix11	0.110896	0.0254931	0.00235724	0.00383965	0.0942003	0.0818095	0.00408389	0.144377	0.00236432	0.182902	0.0385107	0.00978815	0.0201094	0.00437833	0.00115335	0.0421756	0.0514071	0.132167	0.0158643	0.0321232
ohelix12	0.110896	0.0254931	0.00235724	0.00383965	0.0942003	0.0818095	0.00408389	0.144377	0.00236432	0.182902	0.0385107	0.00978815	0.0201094	0.00437833	0.00115335	0.0421756	0.0514071	0.132167	0.0158643	0.0321232
ohelix13	0.110896	0.0254931	0.00235724	0.00383965	0.0942003	0.0818095	0.00408389	0.144377	0.00236432	0.182902	0.0385107	0.00978815	0.0201094	0.00437833	0.00115335	0.0421756	0.0514071	0.132167	0.0158643	0.0321232
ohelix14	0.110896	0.0254931	0.00235724	0.00383965	0.0942003	0.0818095	0.00408389	0.144377	0.00236432	0.182902	0.0385107	0.00978815	0.0201094	0.00437833	0.00115335	0.0421756	0.0514071	0.132167	0.0158643	0.0321232
ohelix15	0.110896	0.0254931	0.00235724	0.00383965	0.0942003	0.0818095	0.00408389	0.144377	0.00236432	0.182902	0.0385107	0.00978815	0.0201094	0.00437833	0.00115335	0.0421756	0.0514071	0.132167	0.0158643	0.0321232
ohelix16	0.110896	0.0254931	0.00235724	0.00383965	0.0942003	0.0818095	0.00408389	0.144377	0.00236432	0.182902	0.0385107	0.00978815	0.0201094	0.00437833	0.00115335	0.0421756	0.0514071	0.132167	0.0158643	0.0321232
ohelix17	0.110896	0.0254931	0.00235724	0.00383965	0.0942003	0.0818095	0.00408389	0.144377	0.00236432	0.182902	0.0385107	0.00978815	0.0201094	0.00437833	0.00115335	0.0421756	0.0514071	0.132167	0.0158643	0.0321232
ohelix18	0.110896	0.0254931	0.00235724	0.00383965	0.0942003	0.0818095	0.00408389	0.144377	0.00236432	0.182902	0.0385107	0.00978815	0.0201094	0.00437833	0.00115335	0.0421756	0.0514071	0.132167	0.0158643	0.0321232
ohelix19	0.110896	0.0254931	0.00235724	0.00383965	0.0942003	0.0818095	0.00408389	0.144377	0.00236432	0.182902	0.0385107	0.00978815	0.0201094	0.00437833	0.00115335	0.0421756	0.0514071	0.132167	0.0158643	0.0321232
ohelix20	0.110896	0.0254931	0.00235724	0.00383965	0.0942003	0.0818095	0.00408389	0.144377	0.00236432	0.182902	0.0385107	0.00978815	0.0201094	0.00437833	0.00115335	0.0421756	0.0514071	0.132167	0.0158643	0.0321232
ohelix21	0.110896	0.0254931	0.00235724	0.00383965	0.0942003	0.0818095	0.00408389	0.144377	0.00236432	0.182902	0.0385107	0.00978815	0.0201094	0.00437833	0.00115335	0.0421756	0.0514071	0.132167	0.0158643	0.0321232
ohelixo1	0.110896	0.0254931	0.00235724	0.00383965	0.0942003	0.0818095	0.00408389	0.144377	0.00236432	0.182902	0.0385107	0.00978815	0.0201094	0.00437833	0.00115335	0.0421756	0.0514071	0.132167	0.0158643	0.0321232
ohelixo2	0.110896	0.0254931	0.00235724	0.00383965	0.0942003	0.0818095	0.00408389	0.144377	0.00236432	0.182902	0.0385107	0.00978815	0.0201094	0.00437833	0.00115335	0.0421756	0.0514071	0.132167	0.0158643	0.0321232
ohelixo3	0.110353	0.00498206	0.00469973	0.00649427	0.0973043	0.0737631	0.0119931	0.12167	0.00180854	0.157124	0.044721	0.0107496	0.0283821	0.0143416	0.00857182	0.0402204	0.0501039	0.107462	0.0501891	0.0550665
ohelixo4	0.110353	0.00498206	0.00469973	0.00649427	0.0973043	0.0737631	0.0119931	0.12167	0.00180854	0.157124	0.044721	0.0107496	0.0283821	0.0143416	0.00857182	0.0402204	0.0501039	0.107462	0.0501891	0.0550665
ohelixo5	0.110353	0.00498206	0.00469973	0.00649427	0.0973043	0.0737631	0.0119931	0.12167	0.00180854	0.157124	0.044721	0.0107496	0.0283821	0.0143416	0.00857182	0.0402204	0.0501039	0.107462	0.0501891	0.0550665
ohelixo6	0.110353	0.00498206	0.00469973	0.00649427	0.0973043	0.0737631	0.0119931	0.12167	0.00180854	0.157124	0.044721	0.0107496	0.0283821	0.0143416	0.00857182	0.0402204	0.0501039	0.107462	0.0501891	0.0550665
ohelixo7	0.110353	0.00498206	0.00469973	0.00649427	0.0973043	0.0737631	0.0119931	0.12167	0.00180854	0.157124	0.044721	0.0107496	0.0283821	0.0143416	0.00857182	0.0402204	0.0501039	0.107462	0.0501891	0.0550665
ihelixo1	0.110353	0.00498206	0.00469973	0.00649427	0.0973043	0.0737631	0.0119931	0.12167	0.00180854	0.157124	0.044721	0.0107496	0.0283821	0.0143416	0.00857182	0.0402204	0.0501039	0.107462	0.0501891	0.0550665
ihelixo2	0.110353	0.00498206	0.00469973	0.00649427	0.0973043	0.0737631	0.0119931	0.12167	0.00180854	0.157124	0.044721	0.0107496	0.0283821	0.0143416	0.00857182	0.0402204	0.0501039	0.107462	0.0501891	0.0550665
ihelixo3	0.110353	0.00498206	0.00469973	0.00649427	0.0973043	0.0737631	0.0119931	0.12167	0.00180854	0.157124	0.044721	0.0107496	0.0283821	0.0143416	0.00857182	0.0402204	0.0501039	0.107462	0.0501891	0.0550665
ihelixo4	0.110353	0.00498206	0.00469973	0.00649427	0.0973043	0.0737631	0.0119931	0.12167	0.00180854	0.157124	0.044721	0.0107496	0.0283821	0.0143416	0.00857182	0.0402204	0.0501039	0.107462	0.0501891	0.0550665
ihelixo5	0.110353	0.00498206	0.00469973	0.00649427	0.0973043	0.0737631	0.0119931	0.12167	0.00180854	0.157124	0.044721	0.0107496	0.0283821	0.0143416	0.00857182	0.0402204	0.0501039	0.107462	0.0501891	0.0550665
ihelixo6	0.110896	0.0254931	0.00235724	0.00383965	0.0942003	0.0818095	0.00408389	0.144377	0.00236432	0.182902	0.0385107	0.00978815	0.0201094	0.00437833	0.00115335	0.0421756	0.0514071	0.132167	0.0158643	0.0321232
ihelixo7	0.110896	0.0254931	0.00235724	0.00383965	0.0942003	0.0818095	0.00408389	0.144377	0.00236432	0.182902	0.0385107	0.00978815	0.0201094	0.00437833	0.00115335	0.0421756	0.0514071	0.132167	0.0158643	0.0321232
ihelixm	0.110896	0.0254931	0.00235724	0.00383965	0.0942003	0.0818095	0.00408389	0.144377	0.00236432	0.182902	0.0385107	0.00978815	0.0201094	0.00437833	0.00115335	0.0421756	0.0514071	0.132167	0.0158643	0.0321232
ihelix2	0.110896	0.0254931	0.00235724	0.00383965	0.0942003	0.0818095	0.00408389	0.144377	0.00236432	0.182902	0.0385107	0.00978815	0.0201094	0.00437833	0.00115335	0.0421756	0.0514071	0.132167	0.0158643	0.0321232
ihelix3	0.110896	0.0254931	0.00235724	0.00383965	0.0942003	0.0818095	0.00408389	0.144377	0.00236432	0.182902	0.0385107	0.00978815	0.0201094	0.00437833	0.00115335	0.0421756	0.0514071	0.132167	0.0158643	0.0321232
ihelix4	0.110896	0.0254931	0.00235724	0.00383965	0.0942003	0.0818095	0.00408389	0.144377	0.00236432	0.182902	0.0385107	0.00978815	0.0201094	0.00437833	0.00115335	0.0421756	0.0514071	0.132167	0.0158643	0.0321232
ihelix5	0.110896	0.0254931	0.00235724	0.00383965	0.0942003	0.0818095	0.00408389	0.144377	0.00236432	0.182902	0.0385107	0.00978815	0.0201094	0.00437833	0.00115335	0.0421756	0.0514071	0.132167	0.0158643	0.0321232
ihelix6	0.110896	0.0254931	0.00235724	0.00383965	0.0942003	0.0818095	0.00408389	0.144377	0.00236432	0.182902	0.0385107	0.00978815	0.0201094	0.00437833	0.00115335	0.0421756	0.0514071	0.132167	0.0158643	0.0321232
ihelix7	0.110896	0.0254931	0.00235724	0.00383965	0.0942003	0.0818095	0.00408389	0.144377	0.00236432	0.182902	0.0385107	0.00978815	0.0201094	0.00437833	0.00115335	0.0421756	0.0514071	0.132167	0.0158643	0.0321232
ihelix8	0.110896	0.0254931	0.00235724	0.00383965	0.0942003	0.0818095	0.00408389	0.144377	0.00236432	0.182902	0.0385107	0.00978815	0.0201094	0.00437833	0.00115335	0.0421756	0.0514071	0.132167	0.0158643	0.0321232
ihelix9	0.110896	0.0254931	0.00235724	0.00383965	0.0942003	0.0818095	0.00408389	0.144377	0.00236432	0.182902	0.0385107	0.00978815	0.0201094	0.00437833	0.00115335	0.0421756	0.0514071	0.132167	0.0158643	0.0321232
ihelix10	0.110896	0.0254931	0.00235724	0.00383965	0.0942003	0.0818095	0.00408389	0.144377	0.00236432	0.182902	0.0385107	0.00978815	0.0201094	0.00437833	0.00115335	0.0421756	0.0514071	0.132167	0.0158643	0.0321232
ihelix11	0.110896	0.0254931	0.00235724	0.00383965	0.0942003	0.0818095	0.00408389	0.144377	0.00236432	0.182902	0.0385107	0.00978815	0.0201094	0.00437833	0.00115335	0.0421756	0.0514071	0.132167	0.0158643	0.0321232
ihelix12	0.110896	0.0254931	0.00235724	0.00383965	0.0942003	0.0818095	0.00408389	0.144377	0.00236432	0.182902	0.0385107	0.00978815	0.0201094	0.00437833	0.00115335	0.0421756	0.0514071	0.132167	0.0158643	0.0321232
ihelix13	0.110896	0.0254931	0.00235724	0.00383965	0.0942003	0.0818095	0.00408389	0.144377	0.00236432	0.182902	0.0385107	0.00978815	0.0201094	0.00437833	0.00115335	0.0421756	0.0514071	0.132167	0.0158643	0.0321232
ihelix14	0.110896	0.0254931	0.00235724	0.00383965	0.0942003	0.0818095	0.00408389	0.144377	0.00236432	0.182902	0.0385107	0.00978815	0.0201094	0.00437833	0.00115335	0.0421756	0.0514071	0.132167	0.0158643	0.0321232
ihelix15	0.110896	0.0254931	0.00235724	0.00383965	0.0942003	0.0818095	0.00408389	0.144377	0.00236432	0.182902	0.0385107	0.00978815	0.0201094	0.00437833	0.00115335	0.0421756	0.0514071	0.132167	0.0158643	0.0321232
ihelix16	0.110896	0.0254931	0.00235724	0.00383965	0.0942003	0.0818095	0.00408389	0.144377	0.00236432	0.182902	0.0385107	0.00978815	0.0201094	0.00437833	0.00115335	0.0421756	0.0514071	0.132167	0.0158643	0.0321232
ihelix17	0.110896	0.0254931	0.00235724	0.00383965	0.0942003	0.0818095	0.00408389	0.144377	0.00236432	0.182902	0.0385107	0.00978815	0.0201094	0.00437833	0.00115335	0.0421756	0.0514071	0.132167	0.0158643	0.0321232
ihelix18	0.110896	0.0254931	0.00235724	0.00383965	0.0942003	0.0818095	0.00408389	0.144377	0.00236432	0.182902	0.0385107	0.00978815	0.0201094	0.00437833	0.00115335	0.0421756	0.0514071	0.132167	0.0158643	0.0321232
ihelix19	0.110896	0.0254931	0.00235724	0.00383965	0.0942003	0.0818095	0.00408389	0.144377	0.00236432	0.182902	0.0385107	0.00978815	0.0201094	0.00437833	0.00115335	0.0421756	0.0514071	0.132167	0.0158643	0.0321232
ihelix20	0.110896	0.0254931	0.00235724	0.00383965	0.0942003	0.0818095	0.00408389	0.144377	0.00236432	0.182902	0.0385107	0.00978815	0.0201094	0.00437833	0.00115335	0.0421756	0.0514071	0.132167	0.0158643	0.0321232
ihelix21	0.110896	0.0254931	0.00235724	0.00383965	0.0942003	0.0818095	0.00408389	0.144377	0.00236432	0.182902	0.0385107	0.00978815	0.0201094	0.00437833	0.00115335	0.0421756	0.0514071	0.132167	0.0158643	0.0321232
ihelixi1	0.110896	0.0254931	0.00235724	0.00383965	0.0942003	0.0818095	0.00408389	0.144377	0.00236432	0.182902	0.0385107	0.00978815	0.0201094	0.00437833	0.00115335	0.0421756	0.0514071	0.132167	0.0158643	0.0321232
ihelixi2	0.110896	0.0254931	0.00235724	0.00383965	0.0942003	0.0818095	0.00408389	0.144377	0.00236432	0.182902	0.0385107	0.00978815	0.0201094	0.00437833	0.00115335	0.0421756	0.0514071	0.132167	0.0158643	0.0321232
ihelixi3	0.0890049	0.0170933	0.00159548	0.00489647	0.108081	0.0692068	0.00923517	0.113471	0.00466208	0.19417	0.0239901	0.0233656	0.0145168	0.00487025	0.0127643	0.0455139	0.0292949	0.128208	0.0399529	0.0661077
ihelixi4	0.0890049	0.0170933	0.00159548	0.00489647	0.108081	0.0692068	0.00923517	0.113471	0.00466208	0.19417	0.0239901	0.0233656	0.0145168	0.00487025	0.0127643	0.0455139	0.0292949	0.128208	0.0399529	0.0661077
ihelixi5	0.0890049	0.0170933	0.00159548	0.00489647	0.108081	0.0692068	0.00923517	0.113471	0.00466208	0.19417	0.0239901	0.0233656	0.0145168	0.00487025	0.0127643	0.0455139	0.0292949	0.128208	0.0399529	0.0661077
ihelixi6	0.0890049	0.0170933	0.00159548	0.00489647	0.108081	0.0692068	0.00923517	0.113471	0.00466208	0.19417	0.0239901	0.0233656	0.0145168	0.00487025	0.0127643	0.0455139	0.0292949	0.128208	0.0399529	0.0661077
ihelixi7	0.0890049	0.0170933	0.00159548	0.00489647	0.108081	0.0692068	0.00923517	0.113471	0.00466208	0.19417	0.0239901	0.0233656	0.0145168	0.00487025	0.0127643	0.0455139	0.0292949	0.128208	0.0399529	0.0661077
