state\AA	A	C	D	E	F	G	H	I	K	L	M	N	P	Q	R	S	T	V	W	Y	^	$
start	0	0	0	0	0	0	0	0	0	0	0	0	0	0	0	0	0	0	0	0	1	0
end	0	0	0	0	0	0	0	0	0	0	0	0	0	0	0	0	0	0	0	0	0	1
in_glob	0.0773341	0.0212026	0.0556231	0.0789783	0.0291466	0.0821038	0.02529	0.0392883	0.0466567	0.0718204	0.0191835	0.0490524	0.0671432	0.0472671	0.0492684	0.0852997	0.0610192	0.0528717	0.0166592	0.0247916	0	0
out_glob	0.0773341	0.0212026	0.0556231	0.0789783	0.0291466	0.0821038	0.02529	0.0392883	0.0466567	0.0718204	0.0191835	0.0490524	0.0671432	0.0472671	0.0492684	0.0852997	0.0610192	0.0528717	0.0166592	0.0247916	0	0
m1_in	0.0890049	0.0170933	0.00159548	0.00489647	0.108081	0.0692068	0.00923517	0.113471	0.00466208	0.19417	0.0239901	0.0233656	0.0145168	0.00487025	0.0127643	0.0455139	0.0292949	0.128208	0.0399529	0.0661077	0	0
m2_in	0.110896	0.0254931	0.00235724	0.00383965	0.0942003	0.0818095	0.00408389	0.144377	0.00236432	0.182902	0.0385107	0.00978815	0.0201094	0.00437833	0.00115335	0.0421756	0.0514071	0.132167	0.0158643	0.0321232	0	0
m3_in	0.110896	0.0254931	0.00235724	0.00383965	0.0942003	0.0818095	0.00408389	0.144377	0.00236432	0.182902	0.0385107	0.00978815	0.0201094	0.00437833	0.00115335	0.0421756	0.0514071	0.132167	0.0158643	0.0321232	0	0
m4_in	0.110896	0.0254931	0.00235724	0.00383965	0.0942003	0.0818095	0.00408389	0.144377	0.00236432	0.182902	0.0385107	0.00978815	0.0201094	0.00437833	0.00115335	0.0421756	0.0514071	0.132167	0.0158643	0.0321232	0	0
m5_in	0.110896	0.0254931	0.00235724	0.00383965	0.0942003	0.0818095	0.00408389	0.144377	0.00236432	0.182902	0.0385107	0.00978815	0.0201094	0.00437833	0.00115335	0.0421756	0.0514071	0.132167	0.0158643	0.0321232	0	0
m6_in	0.110896	0.0254931	0.00235724	0.00383965	0.0942003	0.0818095	0.00408389	0.144377	0.00236432	0.182902	0.0385107	0.00978815	0.0201094	0.00437833	0.00115335	0.0421756	0.0514071	0.132167	0.0158643	0.0321232	0	0
m7_in	0.110896	0.0254931	0.00235724	0.00383965	0.0942003	0.0818095	0.00408389	0.144377	0.00236432	0.182902	0.0385107	0.00978815	0.0201094	0.00437833	0.00115335	0.0421756	0.0514071	0.132167	0.0158643	0.0321232	0	0
m8_in	0.110896	0.0254931	0.00235724	0.00383965	0.0942003	0.0818095	0.00408389	0.144377	0.00236432	0.182902	0.0385107	0.00978815	0.0201094	0.00437833	0.00115335	0.0421756	0.0514071	0.132167	0.0158643	0.0321232	0	0
m9_in	0.110896	0.0254931	0.00235724	0.00383965	0.0942003	0.0818095	0.00408389	0.144377	0.00236432	0.182902	0.0385107	0.00978815	0.0201094	0.00437833	0.00115335	0.0421756	0.0514071	0.132167	0.0158643	0.0321232	0	0
m10_in	0.110896	0.0254931	0.00235724	0.00383965	0.0942003	0.0818095	0.00408389	0.144377	0.00236432	0.182902	0.0385107	0.00978815	0.0201094	0.00437833	0.00115335	0.0421756	0.0514071	0.132167	0.0158643	0.0321232	0	0
m11_in	0.110896	0.0254931	0.00235724	0.00383965	0.0942003	0.0818095	0.00408389	0.144377	0.00236432	0.182902	0.0385107	0.00978815	0.0201094	0.00437833	0.00115335	0.0421756	0.0514071	0.132167	0.0158643	0.0321232	0	0
m12_in	0.110896	0.0254931	0.00235724	0.00383965	0.0942003	0.0818095	0.00408389	0.144377	0.00236432	0.182902	0.0385107	0.00978815	0.0201094	0.00437833	0.00115335	0.0421756	0.0514071	0.132167	0.0158643	0.0321232	0	0
m13_in	0.110896	0.0254931	0.00235724	0.00383965	0.0942003	0.0818095	0.00408389	0.144377	0.00236432	0.182902	0.0385107	0.00978815	0.0201094	0.00437833	0.00115335	0.0421756	0.0514071	0.132167	0.0158643	0.0321232	0	0
m14_in	0.110896	0.0254931	0.00235724	0.00383965	0.0942003	0.0818095	0.00408389	0.144377	0.00236432	0.182902	0.0385107	0.00978815	0.0201094	0.00437833	0.00115335	0.0421756	0.0514071	0.132167	0.0158643	0.0321232	0	0
m15_in	0.110896	0.0254931	0.00235724	0.00383965	0.0942003	0.0818095	0.00408389	0.144377	0.00236432	0.182902	0.0385107	0.00978815	0.0201094	0.00437833	0.00115335	0.0421756	0.0514071	0.132167	0.0158643	0.0321232	0	0
m16_in	0.110896	0.0254931	0.00235724	0.00383965	0.0942003	0.0818095	0.00408389	0.144377	0.00236432	0.182902	0.0385107	0.00978815	0.0201094	0.00437833	0.00115335	0.0421756	0.0514071	0.132167	0.0158643	0.0321232	0	0
m17_in	0.110896	0.0254931	0.00235724	0.00383965	0.0942003	0.0818095	0.00408389	0.144377	0.00236432	0.182902	0.0385107	0.00978815	0.0201094	0.00437833	0.00115335	0.0421756	0.0514071	0.132167	0.0158643	0.0321232	0	0
m18_in	0.110896	0.0254931	0.00235724	0.00383965	0.0942003	0.0818095	0.00408389	0.144377	0.00236432	0.182902	0.0385107	0.00978815	0.0201094	0.00437833	0.00115335	0.0421756	0.0514071	0.132167	0.0158643	0.0321232	0	0
m19_in	0.110896	0.0254931	0.00235724	0.00383965	0.0942003	0.0818095	0.00408389	0.144377	0.00236432	0.182902	0.0385107	0.00978815	0.0201094	0.00437833	0.00115335	0.0421756	0.0514071	0.132167	0.0158643	0.0321232	0	0
m20_in	0.110896	0.0254931	0.00235724	0.00383965	0.0942003	0.0818095	0.00408389	0.144377	0.00236432	0.182902	0.0385107	0.00978815	0.0201094	0.00437833	0.00115335	0.0421756	0.0514071	0.132167	0.0158643	0.0321232	0	0
m21_in	0.110896	0.0254931	0.00235724	0.00383965	0.0942003	0.0818095	0.00408389	0.144377	0.00236432	0.182902	0.0385107	0.00978815	0.0201094	0.00437833	0.00115335	0.0421756	0.0514071	0.132167	0.0158643	0.0321232	0	0
m_end_in	0.110353	0.00498206	0.00469973	0.00649427	0.0973043	0.0737631	0.0119931	0.12167	0.00180854	0.157124	0.044721	0.0107496	0.0283821	0.0143416	0.00857182	0.0402204	0.0501039	0.107462	0.0501891	0.0550665	0	0
m1_out	0.110353	0.00498206	0.00469973	0.00649427	0.0973043	0.0737631	0.0119931	0.12167	0.00180854	0.157124	0.044721	0.0107496	0.0283821	0.0143416	0.00857182	0.0402204	0.0501039	0.107462	0.0501891	0.0550665	0	0
m2_out	0.110896	0.0254931	0.00235724	0.00383965	0.0942003	0.0818095	0.00408389	0.144377	0.00236432	0.182902	0.0385107	0.00978815	0.0201094	0.00437833	0.00115335	0.0421756	0.0514071	0.132167	0.0158643	0.0321232	0	0
m3_out	0.110896	0.0254931	0.00235724	0.00383965	0.0942003	0.0818095	0.00408389	0.144377	0.00236432	0.182902	0.0385107	0.00978815	0.0201094	0.00437833	0.00115335	0.0421756	0.0514071	0.132167	0.0158643	0.0321232	0	0
m4_out	0.110896	0.0254931	0.00235724	0.00383965	0.0942003	0.0818095	0.00408389	0.144377	0.00236432	0.182902	0.0385107	0.00978815	0.0201094	0.00437833	0.00115335	0.0421756	0.0514071	0.132167	0.0158643	0.0321232	0	0
m5_out	0.110896	0.0254931	0.00235724	0.00383965	0.0942003	0.0818095	0.00408389	0.144377	0.00236432	0.182902	0.0385107	0.00978815	0.0201094	0.00437833	0.00115335	0.0421756	0.0514071	0.132167	0.0158643	0.0321232	0	0
m6_out	0.110896	0.0254931	0.00235724	0.00383965	0.0942003	0.0818095	0.00408389	0.144377	0.00236432	0.182902	0.0385107	0.00978815	0.0201094	0.00437833	0.00115335	0.0421756	0.0514071	0.132167	0.0158643	0.0321232	0	0
m7_out	0.110896	0.0254931	0.00235724	0.00383965	0.0942003	0.0818095	0.00408389	0.144377	0.00236432	0.182902	0.0385107	0.00978815	0.0201094	0.00437833	0.00115335	0.0421756	0.0514071	0.132167	0.0158643	0.0321232	0	0
m8_out	0.110896	0.0254931	0.00235724	0.00383965	0.0942003	0.0818095	0.00408389	0.144377	0.00236432	0.182902	0.0385107	0.00978815	0.0201094	0.00437833	0.00115335	0.0421756	0.0514071	0.132167	0.0158643	0.0321232	0	0
m9_out	0.110896	0.0254931	0.00235724	0.00383965	0.0942003	0.0818095	0.00408389	0.144377	0.00236432	0.182902	0.0385107	0.00978815	0.0201094	0.00437833	0.00115335	0.0421756	0.0514071	0.132167	0.0158643	0.0321232	0	0
m10_out	0.110896	0.0254931	0.00235724	0.00383965	0.0942003	0.0818095	0.00408389	0.144377	0.00236432	0.182902	0.0385107	0.00978815	0.0201094	0.00437833	0.00115335	0.0421756	0.0514071	0.132167	0.0158643	0.0321232	0	0
m11_out	0.110896	0.0254931	0.00235724	0.00383965	0.0942003	0.0818095	0.00408389	0.144377	0.00236432	0.182902	0.0385107	0.00978815	0.0201094	0.00437833	0.00115335	0.0421756	0.0514071	0.132167	0.0158643	0.0321232	0	0
m12_out	0.110896	0.0254931	0.00235724	0.00383965	0.0942003	0.0818095	0.00408389	0.144377	0.00236432	0.182902	0.0385107	0.00978815	0.0201094	0.00437833	0.00115335	0.0421756	0.0514071	0.132167	0.0158643	0.0321232	0	0
m13_out	0.110896	0.0254931	0.00235724	0.00383965	0.0942003	0.0818095	0.00408389	0.144377	0.00236432	0.182902	0.0385107	0.00978815	0.0201094	0.00437833	0.00115335	0.0421756	0.0514071	0.132167	0.0158643	0.0321232	0	0
m14_out	0.110896	0.0254931	0.00235724	0.00383965	0.0942003	0.0818095	0.00408389	0.144377	0.00236432	0.182902	0.0385107	0.00978815	0.0201094	0.00437833	0.00115335	0.0421756	0.0514071	0.132167	0.0158643	0.0321232	0	0
m15_out	0.110896	0.0254931	0.00235724	0.00383965	0.0942003	0.0818095	0.00408389	0.144377	0.00236432	0.182902	0.0385107	0.00978815	0.0201094	0.00437833	0.00115335	0.0421756	0.0514071	0.132167	0.0158643	0.0321232	0	0
m16_out	0.110896	0.0254931	0.00235724	0.00383965	0.0942003	0.0818095	0.00408389	0.144377	0.00236432	0.182902	0.0385107	0.00978815	0.0201094	0.00437833	0.00115335	0.0421756	0.0514071	0.132167	0.0158643	0.0321232	0	0
m17_out	0.110896	0.0254931	0.00235724	0.00383965	0.0942003	0.0818095	0.00408389	0.144377	0.00236432	0.182902	0.0385107	0.00978815	0.0201094	0.00437833	0.00115335	0.0421756	0.0514071	0.132167	0.0158643	0.0321232	0	0
m18_out	0.110896	0.0254931	0.00235724	0.00383965	0.0942003	0.0818095	0.00408389	0.144377	0.00236432	0.182902	0.0385107	0.00978815	0.0201094	0.00437833	0.00115335	0.0421756	0.0514071	0.132167	0.0158643	0.0321232	0	0
m19_out	0.110896	0.0254931	0.00235724	0.00383965	0.0942003	0.0818095	0.00408389	0.144377	0.00236432	0.182902	0.0385107	0.00978815	0.0201094	0.00437833	0.00115335	0.0421756	0.0514071	0.132167	0.0158643	0.0321232	0	0
m20_out	0.110896	0.0254931	0.00235724	0.00383965	0.0942003	0.0818095	0.00408389	0.144377	0.00236432	0.182902	0.0385107	0.00978815	0.0201094	0.00437833	0.00115335	0.0421756	0.0514071	0.132167	0.0158643	0.0321232	0	0
m21_out	0.110896	0.0254931	0.00235724	0.00383965	0.0942003	0.0818095	0.00408389	0.144377	0.00236432	0.182902	0.0385107	0.00978815	0.0201094	0.00437833	0.00115335	0.0421756	0.0514071	0.132167	0.0158643	0.0321232	0	0
m_end_out	0.0890049	0.0170933	0.00159548	0.00489647	0.108081	0.0692068	0.00923517	0.113471	0.00466208	0.19417	0.0239901	0.0233656	0.0145168	0.00487025	0.0127643	0.0455139	0.0292949	0.128208	0.0399529	0.0661077	0	0
